Variable,Coefficient,R_squared
"Independent Schools
(Simple)",0.30943809075527606,0.1445303785964006
"Independent Schools
(Controlled)",0.11048656512316322,0.5037693744464875
